ts,user,x_coordinate,y_coordinate,color
1491167838000,c2Md9m4QckH8M+lhNh9btgoiFDk=,326,258,0
1491171651000,5KjCuLCk/VTXBIgaszopYecZ3uU=,190,791,0
1491105072000,toyjOAoAZMtlGZ3hXm5/LYsi+iA=,1,753,0
1491235861000,TGENUMJ6VmaBRr8ae9yP0MWQ66g=,233,931,0
1491163179000,usR8PLvN90gdivTbszEqhvPcXI4=,526,663,0
1491049593000,PhCeV35qg+Kd4HZH2A8YsmwE65w=,578,327,0
1491144746000,h36EHV8mxPdVf6/KSVcVJdQD+3g=,555,330,0
1491233125000,Fs34pA4xcfKSvw/c+kS+P31aB+s=,906,95,0
1491149990000,JSi4ekmizWOUcjae6TFFCLUGeH8=,862,480,0
1491098731000,otYEXzF2K9RLO0VCBSS/bpOcek4=,404,959,0
1491165256000,n6StFv5zxRG/Jgn2TnHP9RQQG7U=,302,664,0
1491197582000,4X6mFzDZmYJfC3RRrfCNDOGrjaI=,66,238,0
1491192895000,oWr6ZQlFnPchEAmtQ8GU/ekLB9c=,489,940,0
1491069702000,hasyNiK9iLvqvrN2ipBNv2zcc7c=,288,307,0
1491233043000,2Y/qRCnGZRzlW2yOz6kVrqs8bfo=,520,486,0
1491161800000,UzD+3mMgYODTQa/kGRE6CJrhbQA=,915,465,0
1491098544000,3Z//oInlu96kxPtWFOiTHPT2uwo=,322,275,0
1491188855000,3XPrmw+h3fCZJVmkejIkG8zYd7w=,836,277,0
1491167032000,+dgJ3ULG+TI++g4FLQVFCouHJyE=,165,98,0
1491161949000,MeF4zQeEfY2Z4Sfmm69pyjvFyRQ=,645,645,0
1491164962000,NLo19s3QZkO4BEEN+Xa0qiR5+fA=,353,906,0
1491232187000,85pFs8/rjcemSLJs6BDifgv/Lbw=,30,134,0
1491123093000,CNfM+TxKMB5sUwtqe9X7A2dbR94=,915,7,0
1491180776000,72GKExdUds6AJjYWsaDqx2QHmU0=,545,945,0
1491133383000,wVJU67JGPGd8JE/CU9CRjwKsX4U=,167,139,0
1491083238000,wV4AGioqUFrJGEnJFsHa7JQVTcc=,860,28,0
1491082496000,8W/YC6eJa7VgxgybtIO/J46f+30=,8,792,0
1491114265000,5PjhzHZsUtja5Ofq6NND43lfXxA=,75,387,0
1491148008000,jp+3c2jFmRSuBoHxaSjpLiv36PU=,959,281,0
1491189676000,ZFuPuu8WxzLODV0bGOIorocaUc4=,830,119,0
1491073029000,VVOjmSqWxrRyTeOa0BfrCeEANoE=,808,202,0
1491066713000,UtPcBBYmImlHYQBBn1uBVRLTTpg=,187,649,0
1491153166000,udltia7lJfYDXbNnFvDMCVGxwGQ=,460,331,0
1491159661000,LuaWiVmhWvXZeysWmkRzlATv4jg=,860,450,0
1491173625000,HGA62bwWhDlIUk53QyCuWRMuCp0=,454,952,0
1491167840000,HtFpVwdHjK0G8/ozLAJR+GKCwe4=,876,206,0
1491150059000,frcEPOc80hk3C+8E3Smke40Gxm4=,171,639,0
1491195064000,0Vsizwf0fF1ALCDfsho/h+90ZCc=,536,884,0
1491152911000,1o6mF2iWlX/sLBCxgCAinYyXbEI=,59,796,0
1491137692000,6BDu0EzaOuxn6mWL/te+JKrMEhA=,416,169,0
1491174585000,/V+terK3ry28wjMIRWPFJevQUn8=,824,285,0
1491144410000,lO8eEmsjClvOYTTKax7KgEU3Trk=,464,500,0
1491220923000,eNkTcWZRAD4iP8uLu2mNFlJ3x4o=,620,570,0
1491140356000,TkbDH+vHZMY5cJnOrHMEdBYM/Tk=,412,65,0
1491117788000,9qpCPRylLxKodcLkuEwvnjhQC08=,446,853,0
1491221851000,+GDaQevoxz8qT8kyw+JLaW5GEII=,508,944,0
1491083221000,2pOrib4/0VFf3MexurFWvhhBNQo=,286,111,0
1491019580000,lUXjL8/GiiUTaB36mEdvXQJNItc=,896,291,0
1491113446000,XH/Y1KTI6nvPtLknuZSnOWMWQ2o=,875,780,0
1491139402000,InmY+gT3PvXLEaZs/8z+TD9wzFk=,246,644,0
1491182619000,u940munbHqZpcsZSxa24++px68g=,497,422,0
1491195323000,oytWOniRRsadNabhS/jEHga3Ayg=,463,513,0
1491004529000,LFPWgjWObuSQA7IqA0yH8XXO3RQ=,21,771,0
1491178512000,/KqtPenLtL1h/ALGDdEoUkWRmKQ=,180,412,0
1491055406000,vKilvTmFqemKnwM7ebllssKGIsw=,463,484,0
1491227396000,kwmVkJDlzlZtdUUEuAvlVUgzQ6c=,412,61,0
1491131826000,u3kkfbFaRjAlKwQSMwEwQtlvL+A=,530,607,0
1491150617000,AuYjMWhKl3XWXmAkGHrdlZPF2r8=,245,62,0
1491135411000,hN/qECOfBjYG4DGbpRB5vkAAE04=,881,366,0
1491054713000,3LXlvP/ON0YapMB24xeTzm+Lm/Y=,539,612,0
1490987575000,gw7BpuCuDE7iN+OCd1WYZ/DofgE=,603,31,0
1491137664000,gu3KBcOCto+rG4TWXuxIolF715A=,637,201,0
1491155762000,s8bFoC0GNY2skWMicpvsmNchuyI=,570,474,0
1491045355000,Rfr94YYjU4vhJ8REDZ/YgR7Sas8=,123,335,0
1491084048000,wXpvZADRhi/xU5JgKj3HVaOxq7g=,855,745,0
1491151798000,HjZixiMcEcJgqijhsYw1S4ZULuk=,402,503,0
1491179089000,vN0mEXs7eeV8+j9wTn1AvEFiuh8=,1000,832,0
1491143214000,YGZDJLUtgfZIbSfps0hpnzNVsok=,880,798,0
1491191060000,LPKR+3pNt6ggmEkJrdOWMak0heM=,306,156,0
1491157813000,6V0gDWCjK858htbNnI0g25hRLK8=,455,485,0
1491162846000,Na9qRjocbwSut5zU3PKq1EJ2zuQ=,12,18,0
1491111700000,D7HCW1RAoTh5QX7FXgS0S1yUi18=,464,752,0
1491109263000,Z8hh7J607z9xGYhw6YMM1u0FVZg=,477,515,0
1491043602000,XbxrLSOYj1W45PPamrwNpKw5zAc=,852,32,0
1491200407000,XT/xi+SsnZUkgXdV1iFb08/gz7k=,541,925,0
1491230161000,/lDhiwSOoUyukqiRTFXKIfpcQoE=,360,892,0
1491135109000,8Iy6Zh6b96xJJUCFEM1G7vn4+cQ=,159,22,0
1491178257000,ATNdYKKdMF+nImCBZTcjZ4Jujrc=,680,631,0
1491224163000,dE+9wP1D1geaOHxPtezRcUZnxik=,8,62,0
1491130431000,U++EJBjRQ6P68PP5LbYAXwCNZ2E=,492,501,0
1491117239000,iy7Xr+ybCxjP4NQQwAAzCi67Z/M=,456,551,0
1491155412000,BshtcwpJvfWJsg8ICFSQs1RekPs=,866,45,0
1491055069000,Qqqe4+9mqmyDMv4YBivPiCN0RAI=,307,252,0
1491100296000,+IDfZCeBNcYB8OATUdJBNiay2QQ=,542,303,0
1491136820000,qyQMnubfaCsGEpLiSpFXvfUqABs=,241,653,0
1491154272000,MmcwMeYsEqNvxW5VwEL/f0K7ABQ=,870,984,0
1491106572000,/3b09BogLZtRgnrqDhy4N95n4fw=,560,526,0
1491135154000,xlQyAAYLxWtTh2GlGQP9M3E8VyM=,222,624,0
1491110453000,ptHkLnARSGS0qzf/MMpgPaFWwUM=,915,996,0
1491237592000,88JZt039LAGiRJngUpALMYm1ebk=,154,954,0
1491147371000,M/Yc7qGllWI1tqmmpP2a3mCzrxg=,806,921,0
1491168725000,WJnLn2WJ4KhOn2a/0vU6ssaseYk=,550,686,0
1491141975000,M2E5ectkZaTswIsdXVYBExU4OT4=,407,788,0
1491146399000,AlydM9A7VFiTNG6u83a/i+qhYKA=,633,136,0
1491078630000,E9oCD/CCDoU+sqSjDAKZvpvjm88=,846,147,0
1491164416000,js+jsvfx5s/x/7+zLyrhUHWXlzo=,872,367,0
1491187661000,IRL4kUGu9of7M/s63NzJvs8jCyo=,828,61,0
1491109818000,3hYDmxmWeFwdH7Dzk7Lyc0BIZ08=,758,254,0
1491092592000,uViUAhxppaipbIR7HyO6P6YoS4w=,776,774,0
1491218394000,HW2zFVZERN6m+2Tan+GoNUNeNwE=,158,287,0
1490988884000,H+Nly9egbjUQCe68UxGNfu4MZdk=,945,898,0
1491189055000,Y/L/8w0d3e+nDZZG8mTQwAWbtz4=,2,973,0
1491109079000,eGsdmjsMqslUOo5em0rI6B5OS+U=,507,512,0
1491193686000,iSbS0ovbLbqbVGmiGZGHmObCmv4=,556,541,0
1491126444000,rscmuO6R6N2cuh1RoSBw50BC74I=,823,91,0
1491187811000,paBsvb2GvfNFhXdcbMiH0vDwhYw=,748,941,0
1491232155000,8R6vufiHXbiUXyVyLPDjnYwovPE=,164,724,0
1491179902000,BQI7W14MeDPfiDvZxezNVu6w6K8=,105,711,0
1491008623000,AIPRaFsTffQeog8PTRoWcVdwpkU=,150,92,0
1491078767000,kxE1HoKagcc8Y5spOnr8a8D04tI=,951,322,0
1491096920000,2pm1IH/gFBqS/L5DmUTGwRX+cNY=,569,979,0
1491163691000,1qdFCjua8NiOSLZA/8JDlkZCvtA=,119,350,0
1491215651000,+a20DQC7BDR3X0YazI+pixxNkGQ=,859,477,0
1491067993000,N6xDXGR5dxho4oUhj20/wkmo+vo=,523,470,0
1491157781000,WtQ0ATVxoWaKj3sBTAormLzapDM=,740,509,0
1491150359000,wxFkQ2P79bsGfgxWNcSlM+A1+9w=,202,376,0
1491152122000,GloQuTeLHxsI245B1jgJe3Z8o8Y=,972,482,0
1491169555000,/KlihKFcKcdIuEEjCnJcTQ6omXA=,713,107,0
1491160090000,ycbfaODXAzBdvTlpVRSp6FDGLRk=,55,845,0
1491071866000,Zit30YJH9q2ddsSXLIVzZgZY9mU=,548,327,0
1491191452000,Vi3QIxtM64yAh1ItqdIRL8e3cuA=,351,273,0
1490983367000,2roF59WmPEM9y2svq/cjr8RGL1I=,327,962,0
1491074612000,rUBQO9tQUCXyOaZm0Idf/PM+Ny0=,123,338,0
1491058611000,4E9iAmTba/tiUvMrJvyENtTU+sM=,861,457,0
1491224215000,t72UgFqYnlXaODaSXSdMYUPyXrM=,530,513,0
1491173434000,xZ5xt+uLce4f0jjNbqs2sYNrnls=,888,561,0
1491231515000,RTn/mbkGBrlrDJ1E9HQ6XdpZPZc=,426,251,0
1491231388000,gdy/6uuvQ3Kr2VqB5FY4wa8gjRY=,245,543,0
1491154017000,/rOhil++fyi8XqvVz5msKCxKz9k=,503,962,0
1491238460000,kjd5OEal8xmE8oAQdSKQROQ21zg=,169,376,0
1491085143000,F2sPUn8lVZ7g4fq08/OX+dtrRcg=,580,327,0
1491228685000,tAp8jqrCzbsxb3LdfTItqxcBH1Q=,174,643,0
1491177828000,vTu9s4z418b1Yi7/iHHPvA6u1Ug=,999,387,0
1491145596000,cpxooLCZAInEsG8prFoZKF09bac=,494,962,0
1491167341000,tIUe/F+03uyhyHuZpEBJ1U3lhpY=,74,295,0
1491232831000,/0AWRnpP1aIToAIpjBfg+57zAxk=,516,512,0
1491150930000,cKclQTPnuXVu4CDGhXz9lDi9fwY=,529,938,0
1491107234000,4w32LPKzpy4DOY3TFwNokxN/UKc=,107,14,0
1491002895000,C2gxLmM2Z0Nln7yH3AKzxr7fLNE=,239,930,0
1491236171000,+O5zXoHdWORgJgMuhUHouWszDzE=,985,725,0
1491233388000,iKL5545OPeVvPT8dPNlejjE99lQ=,906,94,0
1491029163000,JvpIRDWrbjfeD4mw4LJHWv/GCVE=,284,255,0
1491155389000,LJCkMw5M7zj3j5sG07rTJCIeDmU=,382,106,0
1491157252000,KN9PQH1jOPHHfIEdF1Exx5IhriI=,880,63,0
1491185961000,bazIMjBWNq6APySGtCWoeMkRgt8=,514,907,0
1491215798000,GZD1HGFSXroGQnrAZZ2JF3ADafM=,388,898,0
1491075075000,JWm0uHIB0c1kjFP+eeGUE1gQULU=,938,683,0
1491123915000,QHtnxsgak7pFDxAQ/ZsUiJ8xRAc=,743,836,0
1491127559000,5PocPLB36sRFh9OPmH/82oZqub0=,512,135,0
1491235494000,d8gUF06a2l6gjW3ynoAE446I7oQ=,470,943,0
1491119019000,9sbzJjQ4XSi6U/wdld1ZV1krwwU=,806,2,0
1491142309000,0NxzYxFTHr0GvWecCtZ4U90ixNo=,861,743,0
1491155108000,LcjQoQq+CRWvCJzeJhbwOTRd5EU=,318,522,0
1491122516000,13IZbjxmDBd1leLetuYc6VHOMdg=,614,321,0
1491151660000,21IDKMHeBRWAyHXrkmO5Bg+blEo=,95,716,0
1491186685000,u9OTRGKoMWz+I9ci4wP2uMR5vb0=,139,695,0
1491213282000,bqdHryxNnmZxF0PqJs8r2/MEzzQ=,383,633,0
1491029415000,4CY3hjlT+TtvF45eNMeU+AD1LUk=,425,583,0
1491170963000,rowfvZ2qj+TjaZGWIhG+0vuqF8o=,11,33,0
1491176097000,HfWB9zlRyOmBheTuM152KYxLrGo=,642,805,0
1491162085000,1yGMZbRwBMhSCTx+qFdToOoKVbU=,963,789,0
1491145990000,s4n7WxIP+TIHC9iWbVM4eaWHUEw=,487,527,0
1491124927000,6/aWheE15LSNx+tHAi7uF7jILMA=,572,536,0
1491121806000,Q5O5j0x1wGuzpnJo0LXqt5DQPrw=,217,562,0
1491074072000,wdUlTBW7F1xOSK0RadlgFF3AMNE=,539,610,0
1491229575000,95+BcGMR4vcIzeNLf/chJxgcJ4U=,226,147,0
1491229187000,P4upIw2XRUN80jTPu9dkcTZfHNI=,5,408,0
1491084844000,d0dc5YHI1U/nxzT8I8KnXmMpUGY=,818,752,0
1491065935000,XW1eFNzMOjjKm9g0eQW4wVdRPds=,277,411,0
1491179162000,pgI2/Dd1hm/PEqxaDfMFzmiRJso=,50,941,0
1491079818000,5bB+DDIuvOKkbXpvXIhNSs7OGhM=,55,755,0
1491208636000,gvPhQboZyA49qerEOJAg4FvWkkk=,477,883,0
1491056217000,zcsvTl4dtmFeryw7eC4yFhNdodg=,860,448,0
1491147763000,cIjhbp1elI/t0Yy5vRLkVNVN9UY=,528,625,0
1491100953000,u5SVNp1WFwkDZ6NR24A9rEZ7oDw=,313,666,0
1490996633000,yPi2nH1KmXlO2GP17FBTevrTWqE=,878,223,0
1491078543000,6+tb11GVCi5fELaNrM4lZ6Ovb2I=,193,583,0
1491193518000,ih2tFSM0SV9K7bSZWzVcuhcWYdI=,346,652,0
1491147867000,GQAH6GgaE/WHZ4Sl67A3AQ1LH44=,882,755,0
1491229275000,UIfxIx0ui7zWhJ5YifJAZp0uyBw=,652,648,0
1491176162000,2upuYVRuLhn2e0jHd09OA59QEUY=,495,913,0
1491213774000,XkFTbftKqcG4ZepzIeQTQ+2O3oA=,900,100,0
1491228564000,+43IMXXoPoJtcQFa6bfYrbGTbrY=,676,77,0
1491150583000,J/4emRC2OZbXx1HSdZae/c0pHpY=,584,29,0
1491107565000,7faolalx+yUTl/gvi0QHhubQHd0=,200,401,0
1491238072000,LmzVNtpL1bxBve3NGbX/mY8UdN4=,579,308,0
1491194553000,6xe4WqOu6Mm0rjRgY3Yo5J+Xeik=,466,913,0
1491197499000,C5epWGDRI2W3SgTpX8nfPZoYJis=,985,728,0
1491208570000,Lg6QnC/V1tt1LGIf2d3g8idYdRo=,351,276,0
1491032729000,Oksyuxs/TXkqzi6TrGw3zJC3i4s=,219,647,0
1491165056000,HvYFT6qD2l7XUyF9KGBDvNV42Xk=,440,515,0
1491182714000,g/LW4nhp0IZQp+ocTyLnUkH2QAs=,5,769,0
1491100068000,o1iDQFyl/Z0ExzJNs//3KpMxYCE=,650,649,0
1491159009000,ZbJ9BGiN+8+rY2eKzH3uly+A8Ag=,823,291,0
1491187005000,viaOhybhisg5iJ3mWSej7DCtlEg=,903,244,0
1491111337000,zkcp5rGk4qD68N8Wg5eYyPuaklE=,919,288,0
1491074880000,Tf1xvP6JNFn2yVYD2vF3Cjr0Ct4=,506,501,0
1491226746000,NrP630ROsPb2reIJ8Bt1zKPagWw=,298,78,0
1491071817000,s3PZdSRL+6g067ZNBx4HnBnr/Vg=,172,312,0
1491169270000,/qpPMRn/4VfhC62KPec6gUHTcKE=,995,5,0
1491167566000,obPomZkRJIin5tdSeI/3uF/De94=,202,878,0
1491153482000,K/1nyxMSjqL8hB463YA6mGqMRWM=,291,985,0
1491200751000,Kf0BDIy7LI8a3eKuuOvYQlOtQ+s=,533,989,0
1491093963000,qidoBZdr0lFsw0jfH923FyhHnls=,91,782,0
1491067506000,tJ8z+Nb32bvLVc457K9s89EWCdY=,82,282,0
1491111009000,QDumcn2gY+5h3r6EdKqxQOLbkzU=,643,860,0
1491144537000,qGhEqtBt/X6ToGb8B0jVSBzPKY0=,340,711,0
1491190566000,DA/SJiDRAQ0JK10XlEmI2dvIjXQ=,6,879,0
1491204501000,xwHXvvt1dljKFPD1erXKllAK82w=,155,768,0
1491125517000,ismp0dYppbshQGDl1+3+tz4qdQ4=,3,144,0
1491187843000,jLNHm8iRJmUTrisbPQ345RWUd/c=,664,274,0
1491086970000,3VWu10/rxdQQU5nb6TbIukXAhmE=,178,339,0
1491230145000,oWTqCCwcW9Ke+w0Dka0aqANRfog=,750,866,0
1491069155000,mGXSKmihIrkozhaZ/8AJx0BBzcY=,910,466,0
1491017344000,Rx+yHtUZsQIHMOV4F3zKkJXjTkk=,488,514,0
1491139299000,iAkNFcdKGl32nQTBp2x3Mj3K9Vo=,59,796,0
1491142321000,AkPWBh6SWo5XYTMb3VXh+FE8Ee4=,450,539,0
1491163280000,67c3v37jDaVyaJQam40KejedWP4=,402,503,0
1491096223000,WsjwGnpYh10mnpP9+tD0Q74c9NE=,825,288,0
1491175857000,O2CmBbzLf6lV3wMpHG2UxvtAdAo=,889,568,0
1491146105000,hd1z39pdGGTLk6dl/eBl692/hWY=,365,898,0
1491081973000,iyQpP/xwioj8TQPhH6gmiNctR/Q=,863,448,0
1491193721000,a5Zg6aLhvxUlhbq5CVKkmmv7RBc=,769,890,0
1491107376000,vjVbEX+IlmRkpagiGcKHUYoUyD8=,86,763,0
1491209841000,P1iuJNodL9qI0vbmk9LO0PJvSS0=,125,463,0
1491171623000,xVbnBmDuLMZJCTu0sGh9ziVSE2s=,479,526,0
1491229458000,s6DLTRqwjB5GJEI55ATJvODM7Wk=,131,672,0
1491103911000,OMYeojA/jhozYL9B8g+rtyjwxys=,437,107,0
1491117209000,qo+06nPayO1nd7lp8+BBgPyjejg=,326,895,0
1491189701000,KS21gZKjxFbbShyxpkTsGvGm0aQ=,193,589,0
1491176219000,b5txIHF9jJPj+5fpoxaBab/WWJI=,54,947,0
1491100182000,LZYpPC0DX3/hxoIEAVV2SnV5r2c=,471,483,0
1491185821000,7usGWHMrWNL4amKydFmCSCNrOa8=,123,329,0
1491169833000,hP827ywnAlbsfFSznMCE5nxki98=,424,166,0
1491202776000,Ch4HICpSnMb3LzHc0Y1TEUQ05sk=,912,783,0
1491190374000,a0rhB4PM4AwfPu6awMJrijX3Sd8=,505,805,0
1491194660000,48XJsdsUFNpgSfWMoisLEDcvCSA=,162,14,0
1491084522000,2C0htKfA4F6odUyRPwGFqRPfLXQ=,107,829,0
1491220661000,szhEnFt+TZBllZmUNaD3QENop3E=,992,4,0
1491144467000,ColN3Co13qoO9cY4j4AD6ruB1Aw=,437,110,0
1491225690000,xtKFq4nkPC80y+Cn8Ms4kBN11fs=,654,371,0
1491159473000,V4mSShDeiDeSh/IdS1Sh777J59U=,518,975,0
1491228915000,ZRJSwu/qhPWMRHPqWsJM9qEoDPk=,319,645,0
1491215592000,qdiwwsLmNrxXSxpHNKe45R6YrLU=,598,369,0
1491184291000,+9XcN2negGG2RdMyQyPW9GI1lzA=,546,548,0
1491081656000,Gmb430CyGznvTt461P1tODpwV/8=,705,886,0
1491207905000,6tmPnNsAXU8/KUeBidPGS19GE14=,570,474,0
1491040566000,kFpodTlWhPzNTXGzAl1BQ3Z7ZmQ=,330,589,0
1491201287000,Y4qLnWrfVtfa23F7klvc34vvlxo=,438,169,0
1491069428000,wcsQs/AZ0CdGdI7hm4xm5mTt2Ss=,992,422,0
1491233113000,dmgzVAbI69jfVkJW9F8H7rBVS9Y=,861,448,0
1491035384000,455SOPVHkI2PMvlI3gHdwxH8bH8=,618,150,0
1491188305000,evudX9/qMa8GQEEaFGSSWvJXFP4=,176,680,0
1491096395000,FFMYcHM1CRPh3RD/TYa/6uOjVyw=,769,307,0
1491226901000,UJ9OVoSQvnRAC7yt1Whgp9Eht2E=,476,977,0
1491194745000,8xow27kDaned3b13ENiuQT9fmRE=,129,454,0
1491142305000,+L5aLn7hJGlQkGaVtzr5tvXs2LA=,862,455,0
1491120832000,dQDOSNdc/EC0kO+/a6z3+24nv34=,59,796,0
1491216483000,vYxMFX6884vR08zSvmG3SoyO4VI=,18,388,0
1491107492000,A357KNNIPJHG1t+IcpjIuO/GSZA=,860,451,0
1491164403000,Btnosk+FyVyl48Sn1gr/PtF03w8=,761,226,0
1491189225000,JwZnSB2g8KvZpimU6agNYowfjjU=,313,202,0
1491221481000,mlf23d3ptnGk5z/vZCeSlWr//QM=,257,300,0
1491234193000,JRsJjtPw6e0a3jgbH8EFb2I7YW4=,149,946,0
1491210286000,VVDhEU0CwkXXwwgI2bn0QQe/BsA=,108,794,0
1491140563000,XT/xi+SsnZUkgXdV1iFb08/gz7k=,506,945,0
1491073233000,BZxb/t/dXlHcvZB9cRiyh3OE0RM=,119,360,0
1491068141000,1xoQQeQSDSXCswXWRihEuhOmax0=,476,663,0
1491204558000,HUteMng7vJRT2C1mxqgAPvxSOvw=,161,66,0
1491181267000,WXCkB9oD8f55kOjk3XQtz51vhQA=,885,63,0
1491074796000,UxO4h3tsgySuf51INbUULfMcUVk=,258,883,0
1491165557000,/5CfeuJ5H1vOOr+x8BnPljSO70k=,238,657,0
1491182754000,krbKTgdWsMSytIjOwrS51BTp8Ks=,257,296,0
1491199926000,zYdJXxGV2fALB6jk95itrT8t9MM=,747,758,0
1491164349000,VpM1kk5aae0V/OpojwU9Iua+8y0=,326,248,0
1491178097000,iyu9sqxVYhUVvgkT4Lbq5+U+6vc=,270,234,0
1491060369000,PZ4zRCW1cjFqRx1N6lZMb9sBcOk=,457,334,0
1490997848000,vZjxgPUFFQUZvIPXPF3XSMp0X9I=,48,813,0
1491062817000,3itHrtFndrV8f8Xoiko58LvIV0s=,356,820,0
1491143968000,68R1vp2/Vw/pbjGCByCz6qL8xDU=,512,659,0
1491225736000,gbmTzMo99mL6I7z0y0CxJ9di76s=,333,242,0
1491111742000,P5YzY1vbbarQMsXYKKPxwXIwOJk=,460,630,0
1491115768000,rTHMQnGpjcHvf8Nw2yiSWqztjHY=,445,547,0
1491185867000,Jv20yHEGiiGvQ+pw09YeBo3KRq0=,933,522,0
1491163722000,VgsnXhX687ziOa7bxCCCYLR69Ms=,490,478,0
1491164438000,Y6ruKaCOeaRLhf0BowmaZ0dliO0=,830,642,0
1491170171000,gptRPjcjgxDwpV5mFXoNhuea0ZM=,319,726,0
1491175024000,sTFwQPJa00RW+VtclqwvcxPYMFo=,752,809,0
1491153627000,cK8mghiZ4m1vyN7NtChFa3DqSC4=,570,536,0
1491141632000,ZNgkTK37G8lRDSUIRfHIbFOE//w=,392,520,0
1491224025000,zdWGW5gVi1HEwSdLjd0YcEEzklk=,521,502,0
1491088281000,oFKMGXKdIEpDfBjVtriysi0MpJ8=,82,149,0
1491066391000,mg/KUHCipM0spSBWQ4UNlB2TTlc=,32,775,0
1491156043000,VtHZiac5/A13Vl5lGOBPZKDR10c=,966,361,0
1491089819000,zey+0DvbgZht9TvxVEW0iMNS91Y=,401,506,0
1491159050000,ce901oBKErvzzei0JIjoCL+Emuc=,48,750,0
1491213972000,ir5zfRBP9p2hyFMEaRcmTiuHabE=,658,945,0
1491103999000,TkIL9qDaNKjJl5KiGLzETV07meo=,36,753,0
1491228298000,zNyPCpLLnVjQm8vYRmyFgB4P2gg=,395,865,0
1491157294000,aPFuYL50Blkzu2Jggjm0SdRNN1A=,837,988,0
1491161581000,gW7I3WShYjNARMdZPxNYxNRSMX8=,453,425,0
1491139375000,7OirMHYK8Hv4AXia2PnhFU/Fj80=,633,356,0
1491152959000,utvaWymhjRQIVFYyJdLXkVNA8Cc=,465,514,0
1491154983000,y20KvT79W38mquwXlij6negbS3w=,488,527,0
1491149044000,CIJDOm2S28TXtEZIkG3X3FuXYmE=,538,621,0
1491193533000,u+KN6qDbgARV9C8rTnWPK0ZB1qU=,485,629,0
1491148626000,+YLQ6uL66j5NAtK3BX8Sqnn7RQg=,982,2,0
1491113468000,CQfyvnlcJyVLzg6vTkZFZASdnk8=,925,731,0
1491176897000,fc1Jt+tsfnKrdOB1MS0TFCPrk34=,79,9,0
1491140989000,YD96vlJ59lLRCtuGMDX/VdzPC6o=,575,741,0
1491041869000,/Y6vbsGh4KV8cV/5N5hyLUWvCBY=,976,266,0
1491046158000,h/AXFiqdNc9ymPa2/PrelXvF08g=,63,800,0
1491109418000,f7FpUJkt7rr05OYJqq2jSo8wgyM=,166,326,0
1491175406000,BKWxCi/VkM242+X3fHiueP6Xtks=,78,193,0
1491101393000,4H0NDlQs6NdVEu3L1BbAq05GL34=,297,277,0
1491219743000,uh6vmo97PdDaePYcOZwFf8BNCE4=,292,132,0
1491160344000,7w28Vr2gTSfAPLQWjnSN0VJQUek=,777,786,0
1491156464000,bZ/Zd1mxD6HgUEq/tWV3jajd7JE=,846,429,0
1491107411000,Ws0voRqWEWsJpC7NlkT73kdyc/I=,892,205,0
1491201208000,/OqwKD2eH/HlQEj5aj0jnCPqqs0=,175,808,0
1491164979000,6iRm1Wbn8tIrEQSeyrb7s694R1E=,119,733,0
1491150191000,8Gzm8EG7Y8Cc2PNxChNdbHBHqQs=,488,510,0
1491157371000,xSlGDWzZRc8BI5jjchBeSHCAtdw=,403,169,0
1491228319000,c5oVeNLF3CxFFFCqRqYjlLVmw3E=,569,548,0
1491085669000,fhTaDiX0xlF3U2K8HfaM2gPfDcQ=,235,312,0
1491150629000,KmgtwyfsYrtSGCD5UgPpRBlOR8k=,877,411,0
1491095515000,t599o5aFlFAHbA/umewOKAG1bWs=,82,154,0
1491142230000,mqkGlktfp5Ji+FdUwduL6NJChrs=,332,711,0
1490984649000,fRxpRpCbKhITW6rsRoSdCP+5Nq8=,999,999,0
1491057291000,w9lKJ8X6mVTiVf2Jb/9JPY8zHx0=,229,332,0
1491158340000,ihEuXCFxrQHUNutDHE2aWsTqqyY=,393,554,0
1491152611000,UWkuFrsxGdCtK+BocehkIUXLhyY=,488,523,0
1491157742000,jsJ21Utw0I5+y/GHJ8pHayZ85wE=,469,487,0
1491202521000,trKdS5p+YA0/h7mPCA/sfCWLvxs=,99,94,0
1491153403000,2QYC1jFHxUVPutAcDXWVG/cFwFA=,291,979,0
1491147406000,q44I4c6qfUUzNgPio5DiZ0uQU6I=,963,789,0
1491174410000,t2SnGA2IfvAhL0T8B9VQ7FeLfUY=,54,139,0
1491174872000,TK2K7Eox0QK8Yx0HcPRG++yHhFg=,290,905,0
1491070195000,Sz2l0L/F3IchKWsx4BILyRTXt2A=,334,899,0
1491152248000,NgAT5aP2Xjd24DM38vZnLH7zccc=,126,960,0
1491206437000,5I+n5YZfSKS5XzrwHW155c2HO34=,904,857,0
1491008897000,cgf+gwoLdSDMXeMJl1Fzy4uQo8I=,150,70,0
1491180904000,0aOiwLX4VKs73XwfmDz8X2TQOVs=,192,302,0
1491118212000,HWD6qafpyNAoj1pRLzvlwhQpaA4=,0,0,0
1491087310000,6//HDiO7VHMlsKbAjDyX4CMPQJQ=,864,743,0
1491187725000,YbuJblgiWw0CBwNcME4UKuWmaNg=,694,631,0
1491134617000,iONHJBmZLec+HNjcp/Cv225+/SE=,970,777,0
1491186524000,AWizYeiM1vQbrIPqDJQp0gQIaew=,411,65,0
1491168433000,kc/lSgEhQaHJ6/Y7OdWFMHaThlw=,478,715,0
1491130334000,nCyID8TbUJQCRi5JZXV+W4uQmpU=,610,918,0
1491073552000,I73f+hODoH5QUgwpiZtKDhCOfII=,474,667,0
1491197654000,rNBa6Oi0GQvdzd7qUA+ASPkrfqo=,418,168,0
1491103408000,ykftC5fat7S5+3Vd3YGQngYcRTE=,874,944,0
1491115998000,K0Y6qFVfXmRz44WZn5cpvth+OA4=,396,777,0
1491112917000,kWH6JWZ9gcxShRMwcF+io/pg3Ow=,231,0,0
1491086301000,l3h61Kd+VfZekD9Ob3fm/v9AwUY=,149,100,0
1491220221000,wnk7H1iYX2ffL6I4JgLYS/y7qGg=,815,41,0
1491178755000,wElu3xpnac5juJK5i9jwZ+q+iC0=,523,525,0
1491168227000,HAEH5wvEGPNlsTkcjJbs/T5v3ow=,396,933,0
1491135324000,Rartgqf7ZorfN2uGxTD1AGfFXqU=,440,143,0
1491152059000,29yL2rNI9IvE5T6EBkPXFB/ljB8=,502,524,0
1491208423000,3U3Np1ET0woTQq2Uyzz2CInf47g=,942,285,0
1491059393000,fDDu5sjkOwx+ORW2E5zngJXKXVs=,861,452,0
1491148016000,ejLRlLHdxSzPlQRqu8G30n0G+q0=,221,679,0
1491013613000,9B6IpNpmFrFP9afvUfmQjVsjGxA=,987,711,0
1491141805000,DRtRxvZqq55FEAvqGvj/11Af3Gg=,211,365,0
1491227864000,Lg8/5FwziLQMY9prYSuh5pkhdE4=,742,828,0
1491099533000,Q/0so5XjmemacKrORKa2s299SEA=,996,120,0
1491142798000,qygTSblFWcrL8QotTmKQf1VQJRE=,469,481,0
1491206432000,1OCAwE51t1aYKChKf6RFUrrghvM=,757,595,0
1491092533000,bWRpV6rHZHa6/yxMzh7lEnw/X9Y=,415,69,0
1491220903000,PwMfrBb4okB+31Say4pPj080MQs=,469,534,0
1491151825000,5lEBWc5aZqZWwIO+t2gNELR5ZYc=,760,701,0
1491189003000,PC5yJBtVwL4ak46+co6Z1BezNBc=,506,941,0
1491189237000,20r98EDBxl3NrBiaMLM8RMK38PU=,365,908,0
1491219194000,tE6jSOZFsMq72dGXFPZubSYuI5A=,344,891,0
1491174561000,hPhNwCLlP7ckvnMIfcUmkoM1QBI=,984,523,0
1491132824000,xow8M2Fzuq+KqC4kMJN5hmpTZtM=,0,0,0
1491129249000,cLJ8a+4wmmpchK4Tyfk+Wyq8RUM=,757,250,0
1491202609000,LHhARlsbe8CneHtgruAfW1TYXo4=,521,524,0
1491158509000,UBxBxGt04E7I+hiGi/+VVnT55Zo=,480,949,0
1491155672000,oTyVKaiYep4+lKWN7x9Zav7ud/Y=,527,931,0
1491197836000,0QSiMPcnsbKqJb80mQPFsFHfL0w=,253,221,0
1491112502000,uJnFBz/5AHFSb1Za99zl8zA3vNw=,554,574,0
1491134545000,OED0iQpghCyuOXgvnyoMFZaT+UY=,842,418,0
1491202252000,v1a5eB14hWM+6D0w0U3JlKpn6Do=,139,339,0
1491105756000,omeH77C5PYjn0A61S9HwD//6s3c=,331,263,0
1491226364000,t4yagVyZvlD+LoJb75rCAbEyW7c=,61,731,0
1491183134000,QyPuuB4MPo+67IRdUeFh+LbF2Zs=,281,309,0
1491083145000,5SF9xrjudcv7kd5BixbpthDMLr8=,540,964,0
1491201747000,6QolU0loedZkznHReX3AgFOJyJ0=,165,723,0
1491193407000,uzIFeIiQaQZk3AWFz1ejQ+G4XJU=,304,888,0
1491206809000,r9XLJdZYMUVOW33ebB5Wnvmjw0E=,528,930,0
1491166759000,UIKOGLADYzFawEK8cXD3mjkiuHw=,714,904,0
1491082721000,r0HoGi7PK65UySyheLJnAuDs2hg=,405,810,0
1491009064000,22LQZEUGiuHaoFnZq3pS/QTzpJg=,488,512,0
1491176259000,Y9RMDKXW5UgxnBujKAx2wRbcwaI=,471,977,0
1491117327000,5LzMICLYivhbV4t/YZbbiWKb9Uc=,827,288,0
1491094541000,aaXFRsnZiG4xlwLxXdHq5jtim3Q=,337,583,0
1491235432000,t3XugWZQTeNjN3i8qV9LXrta0J0=,237,461,0
1491100909000,j3ZynZfhV14kc7rkcGfsijsu1bo=,98,991,0
1491181023000,mzJvcKe4E3Qn+yPpAfaMN/pq80c=,285,576,0
1491228708000,wsPuzTojwD07vT4YkYi3ij2iQjU=,413,832,0
1491097409000,QCMR3HNwvHSVWruhufFzhPytmN8=,303,633,0
1491219258000,0dH1gResiBt+UR8SI5V24Z8VRHI=,541,75,0
1491235885000,XLt/tYcoB74otx/89tiuPFNyZS4=,676,85,0
1491103650000,E/Z03MEVGhUc8zdMCg06KjgtNFk=,116,881,0
1491007750000,QwqOMZ8gkkCsktWyfO6f319N3zg=,864,117,0
1491188729000,9Py2YbWmCrTJeNxm6xLpa77B25s=,437,497,0
1491125579000,0AkpLFJqinBeamerajiyhAovHWo=,57,992,0
1491226050000,x0BNTm5dBgnk/oYQP7Zy0DVeXcw=,568,522,0
1491201690000,9YDyKsBZmZbJzaTedwaWKVAhQ58=,514,890,0
1491191634000,5b+jIOZPzbL1LpwUCa+GcvMYUWY=,308,147,0
1491159209000,SP/rhoj4HaLRWUyAC8+xhZoc1kg=,377,120,0
1491224591000,gOC/pm3hJ3j9rCQBMvSjs2Ibpu0=,520,502,0
1491202978000,6h32gTYwfN1OQ7r1peeOojMk6IU=,325,357,0
1491193384000,/74ZBIxk2qLjUrl4XpyDprocVko=,353,876,0
1491216637000,2Me5muHd4iJc3qj0NLJg4lkLqvc=,452,513,0
1491135724000,Ksz26WbCITeOkcV9nVMvGW79IDk=,600,26,0
1491170309000,GrrzqL7jvA80mfaiocB1daQGBnU=,970,785,0
1491106389000,yNeOolL1HWJSJkErIhnAiqqjkkg=,181,572,0
1491235796000,utyXtTf1p6xXDxp7kGRhqxxw05k=,741,874,0
1491159042000,ykJqWBnVt6Y4KA7mQwoD+acgyKU=,863,457,0
1491020853000,lY0BklVTvfZpfw90SpYWtqTaHuo=,850,30,0
1491143989000,saRlipdHPMLnDpx2M9WpfhE8gTo=,71,547,0
1491088943000,++1WlvnvME+1NC0aFTc/JjY6oE8=,801,539,0
1491162450000,3zTWsZ9T8FbnjP4KQqTmkybh9JY=,165,14,0
1491160568000,zDdg3/NqHnM9mNVoBKDrg1UpGiQ=,284,482,0
1491112408000,9kcOR4o755oPM6NEy5D1cbrcDS8=,361,192,0
1491199258000,Ts+7q26dCtzUYnJHKZXEh4d6Y10=,526,936,0
1491195260000,JaJ/bUf9aslfP21wk1wjZG20VIY=,238,687,0
1491201270000,hOyDAWt8dMBnsL+bBKF238PDJ18=,859,447,0
1491099564000,wy24l83PRGsi3ggUzalkGZtJ6zc=,244,382,0
1491210860000,hHRILR3MXHvyR4ofRPAy0uwrFwU=,21,466,0
1491062409000,1lxCYSBMQNMwpQHYbhfAy++Rd3s=,468,497,0
1491047823000,8iPzFB+mBsJpJhvYQSj6A96eISA=,984,215,0
1491158561000,nZgUK05rULzA5O1zGSxly1IcMTs=,516,501,0
1491180844000,jhW6DpYcfNu9i/40kAS0uCf2JAY=,47,751,0
1491185222000,PAJZ/SYtURAWV4vCoelQ16H1f5Q=,464,930,0
1491195322000,oHka8onYGXae7axTWblV2XoMi2s=,886,945,0
1491108475000,M3pnk3rIxQ70wUq8QRvSvhwdvJM=,853,25,0
1491085049000,qTl9AiO/CMxX8ykbJIbOzccXlsc=,199,352,0
1491227437000,ugB5KDztSXBU/U9TP5Qhb+P5C6w=,509,507,0
1491074440000,rAgllzflUtfDv98eh/WDoEUDq/o=,712,65,0
1491040086000,+mpvobwTWN63UY7cd0U/7YGhVbo=,398,483,0
1491146663000,LFA8eD81UqdOkUF0+Yap2hmMxr4=,56,298,0
1491023925000,yzN9gmWmaZ3rHBIOcW7oy6OKcN4=,439,848,0
1491122230000,BxURoNxNilWIaJbT7Hb43pY1mAY=,115,104,0
1491206859000,ga6LJg/RD105+9+58iTR9TEMdsM=,395,626,0
1491161622000,nCJmCI9i55xzDA84ueN2n4N+wjI=,801,539,0
1491046394000,h6+6gcOSsoz2PeJqvllzrAAL0LU=,23,654,0
1491149572000,YeANLr5SVfgqVYy4TxfbzEQ61go=,189,992,0
1491236399000,7L2/w5U9K7vNwkg6xu5WwMNj10E=,341,169,0
1491116913000,69mbv5Q9ns43w+5jf7NX5B6RSeQ=,894,947,0
1491025300000,Jif6GlGBkfMpRDYXSMXmq4Ds28A=,367,150,0
1491190006000,YjelzzlIbjdgrAh0Hne+232+3II=,420,20,0
1491216911000,IhlYLX7/KcSiJ9xBSyTi1aUWGwU=,4,337,0
1491191046000,B0D8DEY7uJ4Pot4sgbcwnhovTT8=,283,216,0
1491064179000,7U+0/DoMJBl1Dk7Yuxxcgea7x5I=,947,318,0
1491185518000,8Pko9uL2OiLc59nXA5OAStCPJQc=,484,504,0
1491226467000,ZM3V00zDM761y3Vp1HswI1Q8oZo=,304,723,0
1491231888000,LFrSnfBqbCBfljaNFMQSCVtcYyw=,563,539,0
1491171207000,PvccQAG59t7Dk6MJzMs2ide4nh4=,822,650,0
1491228546000,LYalgaPuj3o3S5LM09i8NQMwwR8=,360,892,0
1491156074000,AuFYDRcW2gQKG3EDZFd3BsVVHzw=,473,501,0
1491054198000,xSa2+mdorFY1ciqVnwVpc5FOLpI=,475,667,0
1491226876000,PRw7eAt5+cYUp/OI9nWXWaT2OQk=,404,136,0
1491140902000,HUHEALEgx5QUhNl1SzgBb6GtteY=,577,589,0
1491059551000,7OnLQ4msfcje1gVMd29GWbW9cDE=,335,285,0
1491133404000,9ecBoqjZmaxYXK7HDvlk/Z3SVLM=,235,273,0
1491179241000,ElPHFoveEnRUkRNH61NhaRHTB6g=,194,540,0
1491192545000,qKXhN60h/a0WTPcIf9LKGHOupJ4=,259,650,0
1491142300000,BMZ2oRATESXkzs/AQfOZYwO7fkU=,149,405,0
1491047176000,8oSuAxtr6a4nAhWvStbVhCdZKh8=,139,650,0
1491231936000,ymi3qJJ0OO9Jf7glcpcdFcAQoFA=,128,530,0
1491232335000,UkjdZRGOJ2JcZr6lo1Dw12/VJZM=,480,460,0
1491097038000,j63llT/+D9vWiiagMECnkdMR4zM=,609,299,0
1490983826000,IIwEo0HWxXBI7tUOWd+uiGwAYHs=,465,324,0
1491054052000,32Cr6YijUS5/I1pUvCG13Lc5Jlc=,936,344,0
1491205718000,HnEXos+ZaYnFOU3GGZ+n7YbesM0=,302,913,0
1491200628000,EwPuz5BaTmjsKv13owaX7WrXrzA=,331,251,0
1491238117000,yNc+Y8b02RJ8B+jKqS3UYg1DOIg=,724,319,0
1491169380000,KRo6DRxIkdD81Nmrs9/kcOaB2nM=,880,703,0
1491215173000,MoJYCV2gWo/PwsKSwfvftqhz6eM=,366,77,0
1491220744000,T591xoZTm2WD+vaosz8rZV6KK0E=,530,946,0
1491097938000,+X6wFHM1PPqs29j1qaVTSjVn9oY=,424,152,0
1491015283000,cJcq+qpAm91ieRmx4OgUwmdZlOw=,139,583,0
1491224301000,Wk+LIlpVX4UF7yjr782K5vDeXXY=,497,429,0
1491155433000,5A7lh7ROUh7deaujGGkoHR/y4oM=,498,948,0
1491160991000,BCNJWQk8hvJvB28rbCEHoRB9gJE=,563,327,0
1491024819000,RbDj1RKHwa+u9uEdoq6sEyrJols=,470,502,0
1491159297000,26deCoKWDHd54sM1eMabkA5KgaE=,604,386,0
1491205324000,yqxEb4YujntoJjpkNXKUpZs/nso=,397,782,0
1491148534000,+ffL/ZYfv/DXu1jm1zyL6wih/KY=,324,709,0
1491056986000,WrtpTy4HVaZoIm/zBYtw2nJKfEI=,242,851,0
1491224150000,G2slYHuqEcS59ZS68n14LfO7buw=,490,424,0
1491225083000,M0Ovldr7PJ8/T2fcjS+osAeIWgU=,682,635,0
1491218356000,C0sIGqCspWPxDSLZe8tcPL0W0zA=,435,762,0
1491167602000,Aw+CfuqhzIUIpVS5GgjvSKdUjVw=,702,833,0
1491228041000,o8rFjNBVzkH0KkZFBKchdoFv4ZM=,164,41,0
1491191090000,3cvj12h8ux5gqRFlejngMgEfL2Q=,44,166,0
1491145012000,W5TSv5g/R8dbAN5dQDGanhTGz6o=,900,951,0
1491161927000,YmtRFlY0sl4b/rW3f8qW+2wtLbU=,500,449,0
1490996548000,aIY1NRC5hQLeqZrct97qe1Oiwpk=,401,843,0
1491158252000,ctzrUTvBD/5+0VZq3Y2YQ3TnUQg=,203,557,0
1491085409000,5B0MSgy7ASXDm6CYv54n5PXsAl4=,435,112,0
1491000896000,mFj+ccs9kKPQYnG3UpF2PEEZpoI=,521,381,0
1491205655000,Btqf5WwN4X2wNItjwC96HkonE4E=,524,463,0
1491198913000,vei2TDG72Lm6KMF0+e9fHK1W5Fk=,869,597,0
1491128235000,b3v5U1YSnO4urYdwdxfbYk4xjZ4=,943,281,0
1491056124000,3iK3oMcfBLKKzRoxgXhBG9tlqqY=,774,304,0
1491191512000,sCL0pRWSxJoYdBXcayp4HghCwyA=,862,450,0
1490994431000,auTCw0SpAeqou9BBY7S5bE4CmmI=,475,660,0
1491086653000,aH3L12lrmokZWv7co7BA/lrYgjo=,692,313,0
1491065844000,4kci71Rvp98QGcV7IstEBlJNgj8=,405,782,0
1491023126000,1lxCYSBMQNMwpQHYbhfAy++Rd3s=,439,480,0
1491173963000,HeyfBhg4pd7HqwYRvgfHmaAmpqg=,730,395,0
1491121043000,k3hm7xvuXDHW2fGeHHPy/taQGyY=,204,27,0
1491165760000,4ICUES650yk/KtJGyveX0+if0zM=,656,136,0
1491051056000,/UG2h9GjA3YmD6Ko7Bt0xlSHGHo=,557,327,0
1491028393000,Zx7OBKanJ+wTMKvb+Uep0temkZs=,447,584,0
1491191114000,FK+BFoP/2kHbriMpcVS7R8g24nI=,365,872,0
1491067611000,9z2r64lnoRfZ6aNT3ZWOEbAPJO4=,790,733,0
1491170458000,tHfeWIR41FBvQw5tpnGPL8IjGHg=,561,956,0
1491180321000,sPZ+17AGR0TPFJrmRlMuqLYh0Eo=,207,693,0
1491177019000,4yoXHtTC6YQbYWEPAeJk47OKro8=,252,304,0
1491205506000,v4pDpU8aiYEKlYdkki/YGOfE8Qk=,463,483,0
1491054676000,Fjzp1e9kXJGmSIFt7dM7x7Y8QHk=,635,347,0
1491224187000,y0LWwo+C/kf/QCUur0Lr4AxblIU=,954,787,0
1491119276000,ZoSpz0N341f0xvc5THETOgsevAA=,841,133,0
1491026118000,ZwY4uI9YrNW5nAJhnxPERFAKGWg=,949,913,0
1491204019000,GDQnK53Vybn/KA2cUaC+vcSrqWk=,282,125,0
1491155511000,gI7GiOASqDSLNhhF2l2nL3LP6gI=,897,953,0
1491237866000,F5A/TD+xfoN7QxP0PytxlxB53JY=,63,387,0
1491137607000,+KGYODymM2Sduc7SDq2FBd7PLk8=,831,231,0
1491131447000,iqEfNNmAGcH9c8zXuvS6jbdkj6I=,711,707,0
1491073762000,uqexGxcCqZc9eD3c58muaJRYLPs=,939,548,0
1491151184000,QEafxj+Z7Z7iPbvgAMBPCud3PjM=,981,2,0
1491167652000,XmL7MxuFd2+B+Vjb3spiuXF3QHw=,194,568,0
1491200192000,IZNw8/jYHN1riEtnwu1vAeaTfpE=,342,757,0
1491171125000,0OaZdogTkz5JNhjGO4sLJUgFkm0=,414,934,0
1491237164000,EN453r4Bv6h7Z1nzV3nRIP+jeGI=,140,9,0
1491190416000,VnG7yVz4WP1kANmKCi9+1AqERak=,481,897,0
1491126547000,282firZZuUAWLeSpDcM26iQosLE=,7,0,0
1491181077000,uPFlNfUW1FzLjcT4lIVwEc97EvY=,898,952,0
1491025082000,i1E6sPT3ocz9CkwIH4sbzRgJtXA=,132,672,0
1491159575000,OGtKr7z8V4EaIQh/7o5HcRTTIiY=,493,523,0
1491173129000,0rOPwpdZZp6CrWAFovGNXdppMD0=,319,489,0
1491112836000,/mjNFQrQfOa3T2Ngzvw8l05+rok=,19,819,0
1491202421000,d01xqUr5AXya3Ab7RS0VJmieYoQ=,117,9,0
1491189686000,j7owp/y8qJOrs2+WGyQ78owMods=,239,406,0
1491178678000,s6Ixpr7UlAflryAkb49mioi0A9c=,102,736,0
1491224041000,y+n4zJckKQw4LXnC8wGGScfZALA=,27,772,0
1491235553000,j/jJXwf8Av7KzTKR+qLeZ8eAQ6g=,880,204,0
1491182576000,qu/D2F273perfYmXwmSylq12v14=,98,707,0
1491156526000,9neWeXZmbEu4+9q/dP+sjQFMJrI=,879,757,0
1491236945000,EHY7+OHizBn4IMkYC+wGQ5wWJbU=,302,348,0
1491097124000,XJDG0LfSn6G6CeaJ+kuciEqNfxk=,102,81,0
1490991377000,/h17SfQbvOXJud/53opBm7UQFm0=,356,12,0
1491225704000,8W7iAYPZ2JpFalSMPbGP0NmeM+0=,311,88,0
1491167159000,kQfAKWfFm2yBRPXc60LLNsyezo0=,201,581,0
1491138600000,ohY8HYDHt9uWXIoDEY0VG7fTEfg=,122,629,0
1491090229000,Bp/wTKIqLHiSnLpoFsdLvX22Wd0=,39,772,0
1491196082000,vsRs57NS+iHsfunYGeKoZUZOLU0=,159,694,0
1491228969000,ztyBzfSjHVbgmjCAorIgPaibPlo=,526,940,0
1491218566000,NgBOGoMBU2u2HqEhknXbU3Z0Wdo=,138,41,0
1491151929000,JinrBUjdKC3jK4D1bZY8lbjx3QE=,378,165,0
1491096525000,2izTwP8Vp30j7YJiVL4tHcS0qzA=,149,864,0
1491022779000,gDMX16R+l2Q5Mc1MWIZvQGXd2Hg=,65,204,0
1491228814000,FxG8UppqQLk/rufWz7I1MCZZT/I=,520,510,0
1491008283000,Mcl3ZfrjHbCEot5/XsCLVfENt6Y=,571,372,0
1491168973000,UqbLKgupTjZ9TGX6OuvoJyLnOZE=,160,247,0
1491171327000,zfWwkdO39ZIVLTqDRO6EUHZ+gy4=,869,212,0
1491229733000,5lYOIuKTqLdkAK6hpAZ33xCwdGY=,539,479,0
1491016785000,XuFylNv9fJBCM2WFDRrDQ1UUbPg=,701,677,0
1491140426000,lZwP2E/w0ZvtwcKnJumZrAN1wYo=,396,824,0
1491014160000,5XJ1BMitbqrHQRU+V0dsw+oyWsw=,260,990,0
1491187607000,F+5/DeYXe+tmH5qKLR3BxKh+KMY=,192,724,0
1491220855000,wYO1NwAJANH4I4T37qIn7psYvus=,994,3,0
1491234326000,hX/54TomqOF0zhgHpEItfRZrEoI=,628,280,0
1491128593000,0rOPwpdZZp6CrWAFovGNXdppMD0=,14,962,0
1491183907000,tiOEFbJM3Oh29rGoNuai2bTvtOw=,298,566,0
1491195791000,dhboWhDUHwfD7wDjfPOS0mRqJDw=,641,76,0
1491002669000,NpA/8HwAa4XObhnVBd0LYSTm/UQ=,565,368,0
1491083364000,pGi5ZOCPoDCHiJZCFBDSS3Srsi8=,974,425,0
1491222535000,SPMLv/nnKwefhUWJk21Fg1ce9kk=,582,710,0
1491101873000,ruGfYZhoScSsNN9xWb+h/DXn4sk=,201,874,0
1491197091000,Kluzw84jmJOsVJV0xaZuQXrnAx0=,7,52,0
1491232703000,cDayGnORf4Sdfqd4Bgo7Eh36gg4=,465,501,0
1491163800000,wHSSU9PWbU8L9iJwzh9fR4JoghU=,831,118,0
1491059296000,RKC8aHTpqg0yOrrg+0uqdUgyHNs=,350,299,0
1491084005000,VXa79FvSyTmuYe30RtUvPpniL4g=,679,654,0
1491039180000,yUBk3CCliDd4onKKYjZNDQIFO1g=,394,829,0
1491196396000,k2YWLZCWg9Frzsi3OS84hfI5ECc=,356,892,0
1491051846000,6Kw0ELghXNuh6ebnzCw8aNDcRow=,386,796,0
1491218839000,kqDtl3nsh0GEJwEr6WAT3LcvmBw=,715,107,0
1491096018000,lhvcthMwPJoE5oJK2ddqF/fHuQc=,900,961,0
1491080414000,pmWKH0Anhg8vonrU3oxGguTGvVA=,119,424,0
1491093126000,NOx+neyHQkwrYG5xPg5ewb8s45s=,447,602,0
1491187617000,3gkVwIqxgon72E2GFPo5Ol5vFIM=,136,637,0
1491172153000,m2W4NrToYC7qtC//9WVU5K28BRo=,318,854,0
1491087878000,rZ4TsK+9YWqCavRqirRZrvw7JsM=,877,62,0
1491193394000,d8hgUCb/pX7FxmAbQGX/CGPwmU8=,277,193,0
1491233594000,edVp09Xn+vguvR5S+Sn+ua8FZsw=,273,932,0
1491221547000,TLgfN2ufDyPKflnx6W2v3MONNjY=,455,325,0
1491117048000,ztyBzfSjHVbgmjCAorIgPaibPlo=,528,951,0
1490991434000,wofUiCMIC+h/hFzyixiFBdMJolI=,507,515,0
1491154341000,85TAogL0RfVpaySA45Cz1/Y/5/A=,561,79,0
1491044829000,NeonMGo+mkBsS9yAQcvHOH6k/zk=,483,485,0
1491183397000,zYVAqz4XXQH+tTITFzuFIsBL4hE=,437,516,0
1491171136000,TdxlnTPz7r8HBk6ymiNcqXB7JOg=,443,503,0
1491234138000,hcvEQvJ0IYHAPnrr9MGkaV43DnE=,966,770,0
1491090482000,Q1gPdZ42sTdDWoBO0gB7omnKkZU=,192,583,0
1491205308000,MDHLHeUwLoQXGMGdo3eVMeyXCLI=,408,269,0
1491064011000,o3L0t+CW8tpFyqDefwJjxZJcswE=,416,766,0
1491143621000,pqxZU8NZ7ZWejLUny6amXUMsNnw=,124,60,0
1491158979000,huCXbDOXP+SoFGKI3vYHxsnBI/g=,832,114,0
1491130656000,ZU1oTbl//hhCNWHVWPqWSd/H5ec=,257,512,0
1491078900000,0tapAY7QvMzAdJNyniR4s1m+zIo=,566,32,0
1491218927000,0bR0ea7j6mViW6r0ipXl1I6ZbLk=,468,532,0
1491094047000,/2miIcmFWVGSycooiRz87cDD2zo=,694,425,0
1491234064000,EwoRqNQkWN0qPVxiU9zqm7ikV6I=,317,656,0
1491174381000,io4yT36fm+a19gpfxhm7sQeaCVo=,516,527,0
1491174529000,UgUbwcXxscDer+b7bhLSjgGKLCY=,539,25,0
1491176815000,p52dRWPCn9hpQBMmPUeklGGs6K8=,114,717,0
1491084563000,qQ4RvygbZ0bFwTm+EJo6OfIXTbc=,930,300,0
1491191760000,7jxTKJVbSwXR2dEV+28sjmNsrDs=,210,682,0
1491188224000,2J/uzSXzkH90jbfTUOPtNGL9JYI=,794,540,0
1491191278000,MrM7N6WzezSbt0fj8tSZnyEzS7c=,936,919,0
1491169857000,ZB4Fj6DIlLfUf/VnoqLad+z9HE4=,903,952,0
1491172659000,eBH5i+FVsd/A5FLStK9ui12gU38=,504,512,0
1491232574000,G9rtDDWZ7WXDgiSpC90Sx5m54kc=,486,511,0
1491188808000,SkWDj8UcR5ZPnnRpiX7AcKlpKB4=,653,237,0
1491119130000,4+yuhyMH/4U53P+zfTb1zSgPCJw=,370,158,0
1491107681000,bTq478dx/6FzpBZJ7IhYzv5yHwo=,473,652,0
1491058741000,6Qhs2oUXmmN8aXaljGOW/8H+5T4=,838,748,0
1491157479000,ox200nmadwWoVwlMECSjNCE72b4=,597,250,0
1491177423000,e3rlID2GQdwqCIt9I51olv1gjHg=,502,499,0
1491178432000,zUIP8kHexzNewtbKSs8S+juHtfc=,0,0,0
1491120630000,yohJBL3MACCfieBUrc7XiFy/HKk=,305,498,0
1491018370000,ENIOBeJ/S9cX7EpkyKaeCdckkLw=,274,748,0
1491125638000,7qc2Q6DatY7r1opl5RHiMTwjSCE=,120,663,0
1491082835000,jGmG3NmsYFecE7Ex8PivbGygRM8=,593,122,0
1491004471000,SL/uUaMm7T/ICU+5A/f2aFw6a/I=,171,584,0
1491236092000,I0LabGbip4PlORDP9DpJdtWUqx8=,479,499,0
1490995307000,BBJUkiXz5Y9ygzKHBcKDQK7WiHg=,876,940,0
1491222319000,b7kdpHxurFvfrNWk10N6oxMGvJw=,826,819,0
1491171658000,vBaROIdkxLjoFiO0Xm9feK8OrWQ=,189,548,0
1491181280000,p3EZ0gmG/aH9oYNhGJQifO/3TWw=,256,713,0
1491112442000,THoh5zh3z8drN7/u3Io/Xl0kBvI=,526,464,0
1491194395000,AswdO8Kzr9Ft3A/vUqISS57wccI=,878,367,0
1491065296000,Z0TGY9/GPhm1jIFHov0wMYm9Y4U=,404,770,0
1491165759000,ccoK7s4FtLG7pUN2q7PnW6TaNac=,830,645,0
1491040898000,Q1bf5uxAI+pYSVVRnBSSNoS9yQE=,876,476,0
1491042839000,+j3rLDx45FkbRvFZVRb1ShNRP8E=,403,504,0
1491184846000,4H91hA7WJchhsygRq78ZdYp/pWQ=,148,725,0
1491133020000,kjxjQvXi89gAVypBgpQTW619BJY=,163,991,0
1491085191000,YAdaCXJxSlTgqdii5tGNapHdelU=,444,471,0
1491154703000,i2G3Prk6jG0XnMfIDnmQurAn4Vg=,461,594,0
1491112540000,XkXG1Im55kYvTCnnWNe4MF0n4YE=,901,595,0
1491190966000,5D4fhaPn2X0d5vjthTFh58ZIPrg=,97,677,0
1491185236000,BLxTAPwzKvmN60LcFdfmy10e1Gk=,816,842,0
1491195695000,yTpiEP/rve6zshCTP50dMGsfXoA=,281,215,0
1491233313000,Pv7JjcqqYKYYCccJWuELBPWs448=,330,675,0
1491127078000,kyFFXUzQpgbCqDGpJG/EscD7nMM=,738,571,0
1491186762000,MH3geqhrvW7Z35Bfa+1nF9MFkSQ=,118,75,0
1491231170000,0iBIyYrBxCF24M+4ux+QXt7qbpQ=,385,636,0
1491088812000,NKZkb69Kh9jzFdOA7H5JTVEg+eI=,68,583,0
1491157774000,ZO3dHOmOVkahiQVNcFyNC+klJ8o=,373,252,0
1491132542000,pyoSRRXv4KsE0j6zYxa2MbXx1Uc=,588,51,0
1491175825000,Q69Sx6neUzflSUo6QDK8xBNh9G0=,275,335,0
1491097782000,U73JlX0kGCVEvU1DbBR/lq7XtiU=,396,520,0
1491106373000,TdMWEAMElyRJvu/INiNCfXyy4ds=,973,497,0
1491175906000,/xQHL0A+RrOtHH25HjppVGc85cc=,505,525,0
1491163122000,n9Gsz+ZdE2m7BHGKwIVqmKXb6gI=,9,0,0
1491101715000,hhVhejzNS/FL+IE5SUzdm1okluo=,692,423,0
1491071389000,G0a9dHlN37ief4krc8gGVLS70xo=,350,137,0
1491130610000,wD8EEb6BuwXwJakBxEmGvw/Iy64=,585,28,0
1491083598000,/xLnhNf9CdVhL4UIXabvBWjIVEM=,89,501,0
1491100612000,6A8qTpaQFNJ+jpGwq2BMmlZaxmc=,205,444,0
1491207823000,dCU5o5wtX9DpPXJlTwZnNstSApQ=,0,0,0
1491199535000,SgyGJBeh6PA1i+Nx2GQEYwtXXg0=,229,551,0
1491219975000,OVpZaaU2GM1iJ8XqrxG9w+VkMUc=,815,41,0
1491214470000,Jo/59gcea2/CsYxgqnplVhYIfI4=,823,699,0
1491161626000,E1ZtPJlcJCvFfi7F/jdYAIxc0jU=,477,487,0
1491223960000,fBMWYAX/I30cpTfZIn7FXSbfBZQ=,402,508,0
1491229635000,FF7aXzl6++GU9s31ZefRBfgvpGA=,882,94,0
1491167278000,AxfZVIghYvwJMFUSO40YNZ/qS4A=,963,282,0
1491234306000,NkFXPGQrOW86mXEyh25xr2O1CDc=,630,280,0
1491158306000,3Qdh2n/0ZnAh/LtngeBLJJp0N/A=,414,583,0
1491095822000,ISh1OArEDpgksxuAIFxvxaF5ecE=,885,65,0
1491199056000,HCZktJAc90bam0Bo1LZJltLJllI=,506,463,0
1491117240000,Lr9i1vQFkxxR0FBB0hsh69DheGs=,917,804,0
1491083405000,LwWCIjV5f1Yb76yavDGcnw5nDW8=,473,932,0
1491077653000,uw74MT/Cb3iPDf2Rh1o1kqogW1I=,366,265,0
1491039198000,iSOS6uwNXWHlX5ZYFhDwESTNjsE=,321,856,0
1491127274000,ikFouxjn/sGaSJjiZ18lpX/Wy+I=,475,503,0
1491129028000,nJBClr/c8sjUxpjE4JrDHugGGGY=,437,111,0
1490992220000,i2bECfVv6SXIXeX7D4t9KGJb6Kc=,9,434,0
1491191177000,WuxBp/wPtQipCmrm5zT0qwg/YfY=,192,722,0
1490985750000,kY1rdisEn2RTY3UF+MLGXGOekmU=,336,492,0
1491225378000,6gCcNHm7fM4pThMYnTTiLNkAPJo=,17,468,0
1491235367000,yhOd3OBFgMtdqPL5jbUrre4lJ2w=,34,40,0
1491049179000,ugfGDhxChaHWmDRNTGL8Sunq59c=,785,484,0
1491235028000,wkiXKt+E7RYy6rOrwNlalZDpZzQ=,735,304,0
1491162343000,WAinkQv8T3ZkCZ4sdzpdH+fm5tM=,251,324,0
1491221461000,uiS35vYD3VUb8DA5T3rwep9bmUM=,459,537,0
1491101099000,ThczMMnKBw5piAjOVGC8Hy+IgME=,438,141,0
1491085613000,Wo57qa2eA5E0Fbd2TUDc+eSzRNE=,438,110,0
1491131019000,SGpudXP9G9wJ2A1DZGDsC00+9Ek=,419,165,0
1491178885000,/hxWtuPJ7k5rHDAIrKoH7NQiJxM=,610,25,0
1491086814000,YhTa+dW2kYrulgPTYCvI0XTscdw=,313,259,0
1491214140000,5MtIswgv2N+ayePTGLfB4Yor394=,318,811,0
1491088989000,ufhrDWmAcDbp0qGQZi2i5Gf7BdM=,476,662,0
1491154874000,0aEzJatqFkmVfZf43FxCCJD3/FM=,879,432,0
1491194135000,q4fGUHk7N9PzUZbjp/j4mBVgpxI=,188,256,0
1491172079000,2rA2LbLALWWjL4lsa/SkRTY7Hbw=,842,744,0
1491146595000,/W9Pz7RdcfjOBmQ13SwHKEDpl4Q=,403,511,0
1491168755000,t62bPoiMuYXANSMVgnPdz9tJmVs=,403,910,0
1491191140000,A/A4ETY87ThBK5TQ5pf0zJR5Z/A=,119,643,0
1490985474000,xq327GB2IXpWQxylov0+iKcqT/o=,398,479,0
1491195277000,BgrqyVs485FIb/Q6Ji+goPMzSgI=,986,957,0
1491143694000,bAyS4tPFMR3q1Fym6f9tGAOSum0=,161,518,0
1491218127000,XVSHuKr+2ib9OAvQv5aaqqMImLg=,237,625,0
1491235889000,V6nPPTCHlGX7foJ9sxrJSotuqaM=,330,23,0
1491166118000,c1sVx4Lsb8tF/obCtjAIe7Ti4JU=,262,319,0
1491183137000,rxBrbhKG6FOS7+VKgjric1Q8HQU=,170,14,0
1491179987000,riwhUSukxpmyiTDHYJ+i1tYmT88=,286,272,0
1491229462000,pVeEZI6hnNySTmPO9ihY5uXeKMI=,524,753,0
1491193077000,BUu7amEHUjZaH9G40dbgg5VFSqg=,508,898,0
1491055689000,7iw8RQXniat1E0+HBF6GDs2aIkk=,381,583,0
1491092701000,qsPPG93dN0cnzaUXLrt0SAYd+n0=,2,408,0
1491171989000,AvOiOesWGGQFO5A8kKCj/9K5MLA=,78,149,0
1491107871000,KBZ5KKqWw8tZfNCT47CCICLYG7A=,167,931,0
1491014006000,g6FnI/FiSnAUJfIb2GNJMY0YixY=,949,372,0
1491106109000,FYo7UPmBZSZOrVTEmWDof9I0F50=,440,286,0
1491067764000,xgUAlicUXcT5Ierf7A4VQ4qMfM0=,114,915,0
1491178208000,5nQ895MBSKmt9DSMpyx6q8/BP00=,950,539,0
1491235653000,wPPBQ/hNKG6tismKf8IvvK5K17U=,231,930,0
1491170958000,utmo961YzVkVmls41f3ryoJvVn0=,224,460,0
1491103190000,266xjfOCtF4sMRUSlsRU4MPIyq4=,133,221,0
1491159267000,X+CAcmaHBCestw9pnadQLzHsDf8=,242,647,0
1491174274000,Tvz09qbTOiVVY8D41LRTfa5a0Hk=,196,366,0
1491004188000,7elkPKs33vGlqsSwnLSjwmUCKnk=,129,300,0
1491126966000,9ylWBNRUZXHOHONWZZ8vzjHrHOY=,207,20,0
1491195283000,7jvFWNhLaVbp6R44fYzq9QtCvy8=,934,957,0
1491131205000,NxGQDPGBQx+anSGb7sKSSDNmZnA=,454,933,0
1491195509000,Z/d2dwMcm0VGFCqhK6F45l0sBc4=,512,513,0
1491205264000,vtVdIRdi/qRCVe0LEphahZ6oCIc=,483,925,0
1491188558000,ozZiR3FsTsWTfRu9T+j5Ba+Qwl0=,588,579,0
1491104136000,5GI7b/phNSOXb/JvjJje06mbtV0=,807,786,0
1491208872000,8xow27kDaned3b13ENiuQT9fmRE=,936,87,0
1491109956000,TS4UbaNtsGRTyx6P5DJSclpwWhc=,472,841,0
1491062783000,nIXa08NnVHdrw4m+89vpN6Ja6us=,361,583,0
1491196950000,13HkN/YbSJxpUTMpOccMrKdKXOU=,122,469,0
1491106001000,d4cHYyBPMcL9N5xU+oF44jXGKCs=,748,256,0
1491151071000,2OiDHX+gXLQyYUmxyejoqFrSC7g=,516,491,0
1491071292000,HUKNeDCDIiZI9nHNqbh7axADfsg=,853,20,0
1491224459000,wYH8EwE0pLL+CaeGbJ+OMATbru8=,995,881,0
1491159138000,eBMgMCxzl0tjcoXSTvWtsZqHmyI=,542,457,0
1491230167000,DARaxJFXw99hmGNSI/fWycGiSeE=,960,661,0
1491145599000,Afl4NOF1UsYU0bXk2/PxHE6ARFI=,168,143,0
1491156299000,/sv0K+z1+f7VhpwEm8uj7LI91Mc=,485,497,0
1491143762000,p2K1K6R90pofkISnSWoF1tQy8U8=,327,368,0
1491095679000,QoEJo/vPC5zh9ANWwF0e6uhqrA4=,349,584,0
1491233179000,6wmZyedI/fMBFUjizCgeWfiK4Y4=,28,973,0
1491167244000,tos8Kc2MePrJKiWehVEa/1/ZVyM=,869,207,0
1491043721000,FXhAPYUkjEj3F1TsSqCMMBBU89I=,249,462,0
1491154920000,u8of6fF4Ig4ukev5dToipjZmZ38=,718,992,0
1491100909000,14d2DlauQaM1edfOPFoU199Jdy0=,220,363,0
1491215832000,Lff49Ahw0TK2dSYGCYwT7fwD3Zo=,96,209,0
1491205876000,W65YXxJKGk6pMiPOr9Nrz7DL/KQ=,850,63,0
1491085338000,SIlA4vZOFnyylBHMT1XW/eagSlI=,264,304,0
1491080701000,CFIXaX8HhDNHCjfPhZ9oPmta+Ns=,864,552,0
1490992704000,WZd/owvZSWMqUzqPLT8FM2qs8gg=,155,220,0
1491086429000,kjkeH6MwFabGS90DFvVQgcK4VJY=,252,303,0
1491094905000,m2ec/8KUdSmdZI7YlWlteo3UdJw=,884,63,0
1491192850000,oHwcDO7+2luYqtZjJf94VbFGJYQ=,432,532,0
1491051460000,ItBRuwYDAbkVTlSRwvOvpOkWfKE=,154,855,0
1491161780000,0hhzFmbSuVGVugPjojeo3k3df+w=,993,559,0
1491064916000,nADo2lzyXTM+Q88VfPlDL6RzeW8=,442,527,0
1491001557000,0RbbyUeeYT92FHfl/ZvSmPoS9y8=,873,288,0
1491098010000,2tSHO8tcDFDOq28uF1rUPJfBH88=,875,355,0
1491117165000,bJ8jnmG0dGNskSL1Jx9Ytnrxqhs=,527,949,0
1491128272000,tvbfztsgXS73ZEi7fsfyFINyv6Q=,212,619,0
1491024390000,ba+Xs/8T1VQc6g3B63GdV/iagMw=,183,622,0
1491117207000,R2TSv1Lc2N2pVo3alXghbwIEz1A=,537,795,0
1491219231000,vBTBBhC+Hr++MxeJrt6ycwLEkhQ=,416,223,0
1491089460000,diubpn2fe5QkU+jO7S01po+wHas=,54,727,0
1491214338000,9EwJLjq78L84LY/WJgp/1kq0aUw=,242,621,0
1491222237000,7rblw/26fTvJ37x24B8bfyBWwuo=,248,619,0
1491157053000,AWrhLYckMsWozWpdkdET6Jc/uaI=,534,527,0
1491131390000,PcUyPuzblEzFJVW2V5Igo8lXeiE=,159,246,0
1491146100000,2fDlxoW8P3VVYvBIxnD6jDmIXl8=,83,166,0
1491206515000,Fe9uXnteQY14tQ9OgIw1ODnhpuQ=,531,535,0
1491136742000,/SdzhSJYVfeJRY/ukktfgXugw84=,233,701,0
1491159325000,1NJSDiKl1lEhKtSttf20q7EzLyw=,254,325,0
1491106197000,uCbwZnYZwXzcdCdhNcrGJuTWboY=,404,583,0
1491233193000,xysz8lkPXgOSl3inYa2C1xT8YPM=,460,460,0
1491090790000,xiSgn+7en2J9paSwWlVe1JWh5Bo=,432,450,0
1491166352000,Fx3cN4btQdKJhpaelWA1jyCBT5s=,162,21,0
1491233069000,SZ0QqZlYv40gUYw97d0Ct4kNzsE=,340,896,0
1491122238000,gWh3sTopOD4cYkEz86YzNBgLz7I=,217,24,0
1491105443000,sP5ySXqDWxrQn1JDfvZ0kmtxreM=,861,740,0
1491085337000,jp7m25WevnEdNku21wPx7L+E0D8=,66,281,0
1491003564000,jpnTHH7hRbYK+eMRcmfoh3Q+mCg=,192,581,0
1491159898000,nbuHAcou7cgYs1mlPZ7MOHLtf2s=,175,25,0
1491188503000,8ZYUCTFYGm9QsCM5iXFsspIwXEc=,554,96,0
1491167348000,V166YFtl1EzPs6gtcucZJW8UtvQ=,848,25,0
1491204691000,U6GJSpMf4jqveQxz/oQu6VbS6VA=,171,33,0
1491098073000,h7j9/+X8Mp9hic4t4ZLgiUvPlAk=,483,9,0
1491144420000,vltocz+ZtnXnkGwBo4Ecl0F+cr4=,245,651,0
1491106257000,RvvE8wTGhMoCncXkiFZcdfyjR8w=,120,355,0
1491169198000,xvI8bDcUhjjGSugT9uI9Yj05YzE=,410,662,0
1491175826000,ipkgovjU91XveoBehC2fRMCPW8o=,581,283,0
1491120731000,g3Y3n866RMisJp4K8NHK4dzxU4A=,903,594,0
1491215321000,UlviXm+s8tatKykUYMaCV6EbvL0=,260,299,0
1491086301000,B8/elD8TAB5vu7tHdJbgrOQs0Kc=,68,292,0
1491192692000,I6ceZ5arCPHJAOvLnqxB+MA4Ve0=,320,262,0
1491227869000,nCGF/DnIv7WAEbGdE2MXrVbnAW8=,84,760,0
1491227574000,DrF2OiivPHUi1k0W0ju16LkziCM=,305,274,0
1491225670000,AMUKvEunipm3soRBerQfVYJPwAk=,42,56,0
1491173004000,qc60twTsAewFV5+FPNT8PpMFFc8=,59,731,0
1491226956000,7KqOJ4L7+zWb5WQ0Svzkct8Y76g=,894,922,0
1491104362000,DqYxKdOqlCLxm67oXIThSuVdFas=,211,790,0
1491093565000,T9y9P7YS2FEbt+9PMCIOdaEUZkk=,254,354,0
1491233395000,UVCZ6p0MaP9kSJlZQJCZ7lBsjow=,117,8,0
1491167458000,XNBRRx5wC5G7a5vuExDQPjQRWEc=,491,945,0
1491157499000,2FQ+QlS/uI08JQZFO+b45n284+c=,863,425,0
1491093333000,B8e8G4hpWyD1uFoomQolD6B/ly8=,450,951,0
1491195317000,tPgW2UuA0Rj0Y1WVpQPG0zprdWY=,219,556,0
1491196815000,ZQGBDy8GLg4zMdho3H3QENZbDFA=,529,549,0
1490999754000,4w+2ASTjya3jXRcWUSy+3hZvBLk=,163,321,0
1490993290000,WZ93iPe9dsjTJrC3gqAGtJf3as8=,478,490,0
1491144341000,OuT5gUko72C1XwBdRHVshbhpMzE=,631,78,0
1491063421000,GncKzN4mPH/B6DrDYw4kYDdqGAM=,22,77,0
1491178703000,4fu7xbKUWz7ivyO9ey903CSS2xQ=,14,985,0
1491112076000,Xt/qQ6turJ3c3ZQcMgPA6EAGrJc=,90,836,0
1491196723000,7mhQ42GdzkXzysvGo5AnwX0oRwE=,984,724,0
1491107523000,oN9lJ3xeXFU1I9e8CciTCo15NMY=,443,488,0
1491207247000,1iKjP4aWac193za13Gq2JxTgpx4=,316,695,0
1491003984000,JKeZsVbOhbcqKErTBdkxEAsqw90=,202,576,0
1491161425000,7vjGUPSjpXy/Ia9GJEVqsrcA+yw=,259,309,0
1491149698000,10nZy6C3wfaDGa+xOR4dT+swfRc=,442,535,0
1491223731000,R7C0ilgX2M7KRLpI8yRuyzbf4kc=,367,661,0
1491132473000,4YjwE6l4n/xV6WHbyFy9C74FmYA=,401,759,0
1491200177000,XpZCbjuBfQEumW4J2yLV/zONWic=,113,127,0
1491197791000,n+9cSKsqD+A3mmrdt4CDFAVKaZc=,561,548,0
1491200367000,FONlcFYybIAq2eYBq3hD07t+Uw8=,498,985,0
1491107584000,/48iRdmxHrnzOPDVq1gipkJFY44=,777,775,0
1491112072000,1QoRP2xwZMcw+kpTRzEyc3d23WY=,918,286,0
1491200623000,VME5MiTAHUy/0sZN/VwTl3s6pxM=,949,722,0
1491231535000,W/m4394qthF24EYw1Kne6qkpnSk=,884,65,0
1491202287000,xy54lRWN12zU8n0+j8bz50lxhwI=,495,896,0
1491110231000,ap7PJu/J55XHBnkvSb4FNFopwDQ=,471,501,0
1491116807000,+EHTCP+HWMtAPWxkDhSVT2INC9I=,941,342,0
1491225127000,GLfoZFFUczrhYpdqdgk5zJG52F0=,862,848,0
1491100499000,u+ZmXw3AjSmbSvtYZotZz45dOWQ=,496,791,0
1491129415000,vzviFBwT+6d7i/MuzJAnfrQxCCE=,606,456,0
1491053767000,FPFspWB3CDy9x7g5aBY2vkihg54=,893,47,0
1491090541000,zM7Afar4Z8dQJgjSpdHfNsce7cA=,861,742,0
1491068806000,CoiCvut7gNTHvRutdZRVoPRqwdw=,144,108,0
1491081684000,aZ+q5h/efsVNmSwxKrQ7+pfnK4Q=,33,632,0
1491162843000,Zja8K3loRyqgh4We3foeqPOd0mI=,327,966,0
1491092169000,WHkqumHVDg13+qN2THdPrjmi1gE=,186,4,0
1491186303000,2nwLiezRig4YKnMKgV38rG410Wc=,959,786,0
1491201919000,cwjn+KH6RJTpDpPzJayxXzGtqKE=,950,513,0
1491104812000,FrkUix6Fw9qhi0MHyYD5ANxY/38=,309,584,0
1491086473000,UgUbwcXxscDer+b7bhLSjgGKLCY=,572,26,0
1491125808000,O4ndcRFzzz5OWEWvzHJbXEgbg3A=,397,21,0
1491058396000,A7Dr62VH14H1VEDfb9e1xg/LcKU=,230,652,0
1491115657000,1DiLEBFjGoMnZ0EupvxxLb0HDbQ=,153,642,0
1491108051000,7B15lqmhBGKsP8YPrl2tX54i4Kg=,500,500,0
1491157435000,S/JjFoz2TFtoaXIciYCCU/Y0LnQ=,540,25,0
1491204102000,s03SwqvXou8p8Ce9J+SiSjt5QwA=,549,683,0
1491150208000,NVQl30S0OF2qIWUaoSjYgJZhvB4=,871,210,0
1491105519000,UTeTCDp6itDZqCTswtlD0OkPi+M=,136,943,0
1491098624000,xC8hSpIxkp3IhOgZeEGvTlkFyvg=,432,135,0
1491095332000,JP/AvW689PlsZJfy3u1HLvQAL6g=,190,326,0
1491197049000,sNroaWOcnouY7GSvSXhjDS2X4pM=,936,188,0
1491180699000,brzoxT+0u+Z3CTVzsFPkpzCnkIU=,225,26,0
1491202691000,o8QutVA5b4WFYSNvGcCpGyTKcVE=,597,263,0
1491112985000,+CezWNE4OBsFwGRIWBfHI9CkkRI=,570,523,0
1491178129000,UaPpYYavPoGB50fh6gUMYDRR8+M=,107,783,0
1491089904000,63l2IEUX5eak5JwEX55dx/jWUm8=,348,584,0
1491154471000,djW882hg9KWXqx0lnLEfusAXdaE=,557,327,0
1491153883000,XCsur3W00tjNddiOM6Tkd6ZpjOQ=,1,1,0
1491225034000,yBD8AOG8qp7VynFl/dLNM8PvPzU=,892,635,0
1491176012000,mSkYR4TOSwYa8bAi4BCIUbn4lco=,475,564,0
1491115793000,RjSVHoUuC9luVhVg75iiKnuh7Lc=,393,65,0
1491155277000,8iPzFB+mBsJpJhvYQSj6A96eISA=,966,789,0
1491228651000,Vu5TKX6D7m6VzAhnJ0+2ZX6mY/s=,995,906,0
1491124790000,A37CO0hyH8xmD5doflwEmCS97LE=,625,918,0
1491224592000,pQyZBgTolS3OQ8oS3hzL2bP8dPY=,717,108,0
1491166344000,3h84wv0H3EhSkAxrgsMbQqJa71k=,53,143,0
1491224988000,rW0HmzsZ63CQVDjas41LHnG+9Y8=,495,487,0
1491106475000,b4ZHzqy7cVvYYZE8YsG76u2Buvo=,849,33,0
1491065819000,DHkPO7Y25OMKLYiNqzDG5olnQH4=,740,823,0
1491226406000,FngtuSKvydneLXz7iCh8T+vKYHw=,215,253,0
1491196963000,iYbG/FfTDL+bLE/fc30ZNswb0qU=,25,350,0
1491080143000,yG+ao9SgzGSocH1UX7c/fwy8Pw4=,709,87,0
1491159018000,T0SDrftNVU+HwaFbIXTKZ2cUhdk=,348,709,0
1491152061000,OB+zOWq0iau3QSjj7aM2dzEN+lo=,511,52,0
1491233925000,HY8ZL/P72nNfxaunAetBsAPa4Ik=,185,409,0
1491170858000,QgLSPCHBhCeH96hM7EvIKI1jTsM=,738,680,0
1491104960000,dAQbctq64zVbYlcS47nza4XTQL8=,462,591,0
1491183040000,IlqtmgEOiRc5qnljfvWGosSRkPw=,758,82,0
1491114476000,p/3hNkWGT36KIRm0jKrlf42Gicc=,786,548,0
1491082793000,HBWZQbVQ1f2HjsG9T071UwnuLag=,845,744,0
1490992646000,dCBJ5EwKmsoJVUbtSZZR0Yc2yoI=,949,798,0
1491160040000,sL0AgZ2b/ORusZmlCjn9gvrbJ/s=,572,30,0
1491001806000,SNZGStrbgTIsSMZvRHQjNIhDp+8=,256,229,0
1491138435000,sAap3MADX2OS8YoGFlB7bePH9Jw=,418,553,0
1491238303000,ALIBQ/o+WwkFKPMMyz0RnSMrSNM=,0,56,0
1491186772000,hy+ldtykkHNnEZvqQNEhTJoeAX0=,316,648,0
1491102610000,vWFLdmNzducxCSkKG68PyXGePYM=,969,355,0
1491175383000,T55zV1GkXZccIqGNnX1Z28jh8Lk=,130,633,0
1491193859000,t6zucHgmho6Ee3d76fbJ8S1XHNs=,491,488,0
1491113443000,AumKXzoB3cZgb20YYpgghG7D9Dw=,856,480,0
1491206422000,3Ipfl6JBG5PPCODKWmD6mKd0Qgs=,538,75,0
1491085515000,G2Udjf3TI/cwFC3NSiqatWQ8qUo=,551,584,0
1491221294000,Pb3b/DyJnaIllFT+AemNQBfLlRw=,174,361,0
1491185021000,RHBX+FuV/Wo4jNOmIiRVvAe3mos=,527,950,0
1491008284000,Ymnt6eDT7mMe2dgJdlcfDVQtMYo=,241,461,0
1491198916000,CPTCCi+OrfX4QvBkPTxFYyVnRCI=,932,415,0
1491108487000,p64VIZBOfLJaTBlZzn54EFObQhQ=,332,974,0
1491077123000,LdOO0Gf87UcTP3GxaP8/A4NMLGM=,319,583,0
1491171626000,/KtpN3Lq5OohS+MS3t+WYhA0kL8=,731,635,0
1491236631000,bVLPKWJMR/BC8y49Q2HXUV+bYa4=,473,501,0
1491046267000,sJ9br5FQTUmzSNWIaEwHg3j+kcI=,178,813,0
1491231131000,QxPxPT6p2SloOIPuLbvDBZi2mpo=,989,731,0
1491126497000,vqiQuvxLzYuUFHC0py3ZXnsEl1Y=,698,308,0
1491174435000,4CRcNkWkObHiQQvTH0cqrKTPz50=,453,946,0
1491144124000,M479ljHEonV8AUuuT2K37VjpzBM=,26,278,0
1491187563000,P/6eVve3cQBc5cRnc2f+qcdlUL8=,545,460,0
1491188206000,QqdGQIxhlwRDhS/IOft96luCjYQ=,516,898,0
1491201182000,sNC6umRp9d8aTrWYIq9Jzb1uZkc=,529,941,0
1491137814000,2qSy5PuF/BlHARu1E+RTUF1ujkc=,846,827,0
1491198388000,Panoffilq1VcxRHwlcsIHrUCaH0=,139,463,0
1491081163000,5BQ6//OqSg7ToGhfTlLDXglTxts=,529,635,0
1491116454000,3x2ioBQT72GDbDuLONa0p+HAHps=,230,395,0
1491150917000,Umh616tqVuAaqZ0VW0PtOD+fO0o=,979,59,0
1491096540000,9bAc17mYienBdszYsVXLDe1cFGc=,400,116,0
1491170869000,3eURv4cwl9V19EdIdQ1zVAmAuQw=,526,786,0
1491099476000,RCh9Gl5TUSSay8Yb5dTQ3x3N5yU=,839,91,0
1491171777000,0r0qFP09JKNmLgA71sQ6iTUx730=,962,789,0
1491141256000,RWxo5sn5igWQ8mVV1FUr58Ux1Ow=,352,563,0
1491156490000,Uye2x2LvYyXkRtb8G9rJMQPd+lc=,253,318,0
1491211692000,BkMXrAVo2w7Nhzwyo8Jiph7Ddo0=,436,111,0
1491145119000,qGzpCO1HN5o2Akg1weZuscvfWdo=,542,515,0
1491174198000,y21zs3AttNSYy5gxwVt0iEr6epI=,493,895,0
1491171717000,QK9G+aHw84kOL2qUqqwAscDpT0s=,931,538,0
1491084871000,nqk4u3vtYa/X8NGlWgx/+pWh86M=,75,881,0
1491175310000,3zUSvenRzwmpUiGyZdfS7zF9AIM=,508,987,0
1491220227000,0slruEtm0anQGgVnsBdPoqmIm8M=,122,282,0
1491230553000,cWIYlrqWqpuqMZ5eFozw9Mc22OM=,180,59,0
1491081175000,FbrS62MYsm2dVNxWxbrCHwz5gvY=,847,421,0
1491016545000,mExsf4yTAl/+mn103j6MqVGr6b0=,318,965,0
1491165640000,T5gIQGex9P8nz05hrnfTACumhWk=,210,369,0
1491202123000,kg3rcXT7BRxpvdHEnlvGIge45a8=,15,305,0
1491179889000,pJVFj3UrCiOjKdXv++LsXZm6bXE=,36,55,0
1491124481000,xcndWhOCNXpZTjuj6/p8NHR0r+s=,963,770,0
1491128631000,31XU1is5LxYg3BMPer6k7/kWa9c=,224,26,0
1491082734000,jwfki44ZYCa2lvOADKvzbWBZ9OE=,559,329,0
1491066864000,LVw6T/0IDzqMWAuByMSuCrXdg5Y=,100,283,0
1491196014000,XEjBqRPEmLp+4lTn4/t2SC/W0O8=,351,277,0
1491082268000,snxi49y7ou1G/OT2n0Z1iba7Sps=,900,298,0
1491230587000,i7Dkb2M41dcdZMEzB1OKa2G+69I=,503,477,0
1491030009000,tABVSM4CLQEcvly/q1tETNTz9mk=,93,779,0
1491104543000,BBlk5fIp/6lVRj0HiRRmfoYyBVQ=,958,981,0
1491050595000,Lqr21fc57LTNKJ14qqgLclJ67YI=,598,782,0
1491209333000,ECa8WaaKYCO7qye3yhGJ4wQfs/8=,471,948,0
1491209314000,lHqBSPVOMPCnayrKYSOtbtRfrK0=,476,480,0
1491217524000,03GFkdMHVuZJtShw2K8hdM66X+M=,939,478,0
1491207131000,QWhRA6PyvnfbvYxp9sOpjOgI45Q=,283,347,0
1491226114000,ipnkrs5s7QCr7NCUVsGB+2qIszU=,73,23,0
1491193624000,iw8LfLqar/QXG+eB6hlrs1gWx04=,406,596,0
1491194753000,ZgRkgFusIyDQrW1Bf4W7BET6rs8=,9,844,0
1491136423000,t5YOIeKPOsUNHf0n/nCb0ea8HZI=,358,712,0
1491039903000,ay+Xsk9nlWNXKGASgOJYYqosmbI=,221,601,0
1491212184000,82NvGAJp33oQo+uHOths9ZfOK9s=,519,965,0
1491154959000,Ci7Q9ZW1mUxVpVgFeUSOooGlU7Y=,504,420,0
1491148526000,+I/D+xMoXS3buVRzXa0BIDkSeKE=,485,617,0
1491163093000,GU7e+p9w4QcR38LCLYpfTEmtR4w=,960,285,0
1491092974000,MmkT4EPEvu6aigDLrZTq18c+zbg=,189,121,0
1491194773000,gHj2tQpD0yBCOyoSbEt1BHeDlbM=,923,597,0
1491152004000,oZqDTCXwfwEQ7S0Mm3cNPs+20lU=,530,607,0
1491171229000,oAbFwgrLLKh87Nu5kzJouyLuivI=,310,618,0
1491133434000,ZU1oTbl//hhCNWHVWPqWSd/H5ec=,258,514,0
1491093709000,iUZPlAKvP1JIoaN/5H2taF4PnlQ=,838,746,0
1491151711000,hEDocy2URLtj8jLK0+zlcIARfKM=,237,461,0
1491166195000,lid/OT5lOFSAvT6b/Ms4QQLmL/0=,519,479,0
1491187077000,FL8WegRTtqba8/6leRjWqyR5E1c=,460,327,0
1491165479000,3PFLQW+x+oa4fYNS5Q2FBpL/WnY=,150,776,0
1491157408000,tpzt3zEtfwODR5qG9ZTE45RVC6U=,295,972,0
1491186332000,s1/w9zGDHg6Yl25MXGiTkQIWWBc=,882,756,0
1491081676000,rEg3Q2cTyS+e9TNgz7jlepiT0hY=,923,551,0
1491089020000,L3DRNJYWuVu9zDjIl2gAycwB2Ws=,111,677,0
1491186457000,1dsTB5HAU4z2TVTtQRcMjQU1RmE=,523,464,0
1491097523000,QMBfOqzxeBtuHBWNc8MFoOMTvR4=,439,136,0
